state,year,visitors,tourists,trips,receipts_rm_million,average_length_of_stay,visitor_growth_pct,source_file,resident_population,population_thousand,tourism_intensity,receipts_per_resident_rm,tourists_per_resident
Johor,2022,12376202,6253816,12964945,4888.351,2.338,238.374,tourism_domestic_2023_johor.xlsx,4028300,4028.3,3.0723138793039246,1213.5022217809,1.5524702728197999
Johor,2023,15804890,8923001,16493661,6699.119,2.176,27.704,tourism_domestic_2023_johor.xlsx,4107200,4107.2,3.8480935917413324,1631.067150370082,2.1725265387612
Kedah,2022,11186197,5594602,11894479,3469.823,2.112,178.056,tourism_domestic_2023_kedah.xlsx,2163100,2163.1,5.1713730294484765,1604.0973602699828,2.5863815819888125
Kedah,2023,13444055,6452427,13687381,4206.619,2.027,20.184,tourism_domestic_2023_kedah.xlsx,2189300,2189.3,6.1408007125565245,1921.4447540309686,2.947255743845065
Kelantan,2022,6627155,3544766,8783750,2586.224,3.158,244.997,tourism_domestic_2023_kelantan.xlsx,1830600,1830.6,3.6202092210204304,1412.7739538948979,1.9363957172511745
Kelantan,2023,7549370,4085787,9299793,3228.385,3.073,13.916,tourism_domestic_2023_kelantan.xlsx,1859800,1859.8,4.0592375524249915,1735.8775137111518,2.1968959027852457
Melaka,2022,11757166,4559324,16667987,4842.594,2.138,203.165,tourism_domestic_2023_melaka.xlsx,1008600,1008.6,11.656916517945668,4801.302795954789,4.520448145944874
Melaka,2023,15558661,4991129,20093758,6438.411,2.234,32.333,tourism_domestic_2023_melaka.xlsx,1028300,1028.3,15.130468734805017,6261.218515997277,4.853767383059418
Negeri Sembilan,2022,11490144,3760820,14278615,3651.341,2.478,109.477,tourism_domestic_2023_negerisembilan.xlsx,1207900,1207.9,9.512496067555261,3022.883516847421,3.113519331070453
Negeri Sembilan,2023,14959470,4255450,17800523,4777.281,2.418,30.194,tourism_domestic_2023_negerisembilan.xlsx,1224900,1224.9,12.212809208915013,3900.139603232917,3.474120336353988
Pahang,2022,13188959,7794113,14993999,5316.789,2.106,287.367,tourism_domestic_2023_pahang.xlsx,1614300,1614.3,8.170079291333705,3293.5569596729233,4.82816886576225
Pahang,2023,16455567,8537108,17632756,6733.344,2.127,24.768,tourism_domestic_2023_pahang.xlsx,1643200,1643.2,10.014342137293086,4097.7020447906525,5.195416260954236
Perak,2022,14566727,6866520,17679702,4541.331,2.429,224.479,tourism_domestic_2023_perak.xlsx,2514400,2514.4,5.793321269487751,1806.129096404709,2.730878141902641
Perak,2023,17107518,7503391,18831264,5641.024,2.346,17.442,tourism_domestic_2023_perak.xlsx,2541200,2541.2,6.732062804974028,2219.8268534550607,2.9526959704076816
Perlis,2022,1669175,710991,1799569,455.619,2.347,310.322,tourism_domestic_2023_perlis.xlsx,289800,289.8,5.759748102139406,1572.184265010352,2.453385093167702
Perlis,2023,1950771,735991,2139229,583.87,2.206,16.87,tourism_domestic_2023_perlis.xlsx,293100,293.1,6.655649948822927,1992.0504947117024,2.5110576595018763
Pulau Pinang,2022,10002735,3484229,11705595,3648.399,2.591,97.649,tourism_domestic_2023_pulaupinang.xlsx,1740900,1740.9,5.745726348440462,2095.6970532483197,2.001395255327704
Pulau Pinang,2023,13127587,4069699,15350976,5814.735,2.4,31.24,tourism_domestic_2023_pulaupinang.xlsx,1772600,1772.6,7.405837188310955,3280.342434841476,2.2958924743314904
Sabah,2022,12589005,3823046,17254974,4825.87,3.058,229.986,tourism_domestic_2023_sabah.xlsx,3414900,3414.9,3.686493015900905,1413.180473805968,1.1195191660077894
Sabah,2023,16080074,5775138,19900312,6712.515,2.671,27.731,tourism_domestic_2023_sabah.xlsx,3596700,3596.7,4.470785442210915,1866.2982734172992,1.6056768704645925
Sarawak,2022,15464621,3988879,19290587,5430.772,3.516,137.519,tourism_domestic_2023_sarawak.xlsx,2473500,2473.5,6.252120881342227,2195.581968870022,1.6126456438245402
Sarawak,2023,17901190,5324628,21076631,6942.673,3.482,15.756,tourism_domestic_2023_sarawak.xlsx,2502300,2502.3,7.153894417136235,2774.516644686888,2.1278935379450905
Selangor,2022,21989558,6388784,25987930,8734.808,2.323,115.339,tourism_domestic_2023_selangor.xlsx,7050300,7050.3,3.118953519708381,1238.92713785229,0.9061719359459881
Selangor,2023,27579478,8455682,28949304,11102.713,2.242,25.421,tourism_domestic_2023_selangor.xlsx,7209700,7209.7,3.8253294866638003,1539.9687920440517,1.1728202283035356
Terengganu,2022,10233282,3689343,12791324,3363.299,2.685,175.158,tourism_domestic_2023_terengganu.xlsx,1186600,1186.6,8.624036743637284,2834.399966290241,3.109171582673184
Terengganu,2023,11760516,4060007,13868810,4192.317,2.594,14.924,tourism_domestic_2023_terengganu.xlsx,1210000,1210.0,9.719434710743801,3464.7247933884296,3.355377685950413
W.P. Kuala Lumpur,2022,16912534,4117095,19877593,7732.796,3.087,85.526,tourism_domestic_2023_wpkualalumpur.xlsx,1961200,1961.2,8.623564144401387,3942.890067305731,2.099273404038344
W.P. Kuala Lumpur,2023,22232643,5724789,24012311,10995.324,2.696,31.457,tourism_domestic_2023_wpkualalumpur.xlsx,2005700,2005.7,11.084730019444583,5482.038191155208,2.854259859400708
W.P. Labuan,2022,243695,111658,263150,136.294,3.67,352.133,tourism_domestic_2023_wplabuan.xlsx,96900,96.9,2.5149122807017545,1406.5428276573787,1.1523013415892673
W.P. Labuan,2023,331360,164105,372829,194.064,2.886,35.973,tourism_domestic_2023_wplabuan.xlsx,99000,99.0,3.347070707070707,1960.2424242424242,1.6576262626262626
W.P. Putrajaya,2022,1305808,367989,1551058,455.991,2.682,485.548,tourism_domestic_2023_wpputrajaya.xlsx,117000,117.0,11.160752136752137,3897.358974358974,3.145205128205128
W.P. Putrajaya,2023,1900379,501088,1964587,669.729,2.08,45.533,tourism_domestic_2023_wpputrajaya.xlsx,118800,118.8,15.996456228956228,5637.449494949495,4.217912457912458
